{
  "folder": "SEKv8a66l2l9Rmbl",
  "name": "Real",
  "type": "essence",
  "_id": "aGIZeCQ1riS8x93e",
  "img": "icons/svg/item-bag.svg",
  "system": {
    "description": "",
    "locked": false,
    "version": "1",
    "free_content": true,
    "system_compatiblity": "otherscape",
    "expended": false,
    "locale_name": "",
    "systemName": "Real",
    "effect_class": ""
  },
  "effects": [],
  "sort": 300000,
  "ownership": {
    "default": 0,
    "eZoEWX0q5xnrYPGQ": 3
  },
  "flags": {},
  "_stats": {
    "compendiumSource": null,
    "duplicateSource": null,
    "exportSource": null,
    "coreVersion": "13.345",
    "systemId": "city-of-mist",
    "systemVersion": "3.1.4",
    "createdTime": 1749348448841,
    "modifiedTime": 1749350404716,
    "lastModifiedBy": "eZoEWX0q5xnrYPGQ"
  },
  "_key": "!items!aGIZeCQ1riS8x93e"
}
