{
  "_id": "EC85kirL2jREOe7Y",
  "name": "Stop. Holding. Back. (1 - Significant Sacrifice)",
  "type": "move",
  "img": "icons/svg/mystery-man.svg",
  "effects": [],
  "folder": "mdXZYTXjdSdobcIp",
  "sort": 100000,
  "flags": {
    "core": {}
  },
  "system": {
    "description": "When you use your powers in a new and never-before-seen way or scale, tell the MC what you hope to achieve. The MC will tell you the sacrifice it will take from you. Then roll+Logos.",
    "locked": false,
    "version": "2.6.6",
    "free_content": true,
    "locale_name": "#CityOfMist.moves.SHB.significant.name",
    "onSuccess": "#CityOfMist.moves.SHB.significant.success",
    "onDynamite": "",
    "onMiss": "#CityOfMist.moves.SHB.significant.fail",
    "onPartial": "#CityOfMist.moves.SHB.significant.partial",
    "always": "",
    "listConditionals": [],
    "category": "SHB",
    "effect_class": "",
    "abbreviation": "SHB1",
    "system_compatiblity": "city-of-mist",
    "subtype": "SHB",
    "theme_class": ""
  },
  "ownership": {
    "default": 0,
    "XObjulrAnIfZ284S": 3
  },
  "_stats": {
    "systemId": "city-of-mist",
    "systemVersion": "2.7.1",
    "coreVersion": "13.345",
    "createdTime": 1712594110605,
    "modifiedTime": 1712594110605,
    "lastModifiedBy": "XObjulrAnIfZ284S",
    "compendiumSource": "Item.KNwlfwxd3S3kfJD4",
    "duplicateSource": null,
    "exportSource": null
  },
  "_key": "!items!EC85kirL2jREOe7Y"
}
