{
  "_id": "chE3bqPNCIWNndkr",
  "name": "Take The Risk",
  "type": "move",
  "img": "icons/svg/mystery-man.svg",
  "effects": [],
  "folder": "mdXZYTXjdSdobcIp",
  "sort": 112500,
  "flags": {
    "core": {}
  },
  "system": {
    "description": "",
    "locked": false,
    "version": "2.6.6",
    "free_content": true,
    "locale_name": "#CityOfMist.moves.TTR.name",
    "onSuccess": "#CityOfMist.moves.TTR.success",
    "onDynamite": "#CityOfMist.moves.TTR.dynamite",
    "onMiss": "#CityOfMist.moves.genericFail",
    "onPartial": "#CityOfMist.moves.TTR.partial",
    "always": "",
    "listConditionals": [],
    "category": "Core",
    "effect_class": "",
    "abbreviation": "RISK",
    "subtype": "standard",
    "theme_class": "",
    "system_compatiblity": "city-of-mist"
  },
  "ownership": {
    "default": 0,
    "XObjulrAnIfZ284S": 3
  },
  "_stats": {
    "systemId": "city-of-mist",
    "systemVersion": "2.7.1",
    "coreVersion": "13.345",
    "createdTime": 1712594110605,
    "modifiedTime": 1712594110605,
    "lastModifiedBy": "XObjulrAnIfZ284S",
    "compendiumSource": "Item.6eIMcOSx8uqAGuFg",
    "duplicateSource": null,
    "exportSource": null
  },
  "_key": "!items!chE3bqPNCIWNndkr"
}
