{
  "folder": "Jmux78DjNkcoxF1y",
  "name": "Exposure",
  "type": "themebook",
  "_id": "5CG8unkzHqU6xuQW",
  "img": "icons/svg/item-bag.svg",
  "system": {
    "description": "",
    "locked": false,
    "version": "1",
    "free_content": true,
    "subtype": "Mythos",
    "power_questions": {
      "A": {
        "question": "See Otherscape Core p.229",
        "subtag": false
      },
      "B": {
        "question": "See Otherscape Core p.229",
        "subtag": false
      },
      "C": {
        "question": "See Otherscape Core p.229",
        "subtag": false
      },
      "D": {
        "question": "See Otherscape Core p.229",
        "subtag": false
      },
      "E": {
        "question": "See Otherscape Core p.229",
        "subtag": false
      },
      "F": {
        "question": "See Otherscape Core p.229",
        "subtag": false
      },
      "G": {
        "question": "See Otherscape Core p.229",
        "subtag": false
      },
      "H": {
        "question": "See Otherscape Core p.229",
        "subtag": false
      },
      "I": {
        "question": "See Otherscape Core p.229",
        "subtag": false
      },
      "J": {
        "question": "See Otherscape Core p.229",
        "subtag": false
      }
    },
    "weakness_questions": {
      "A": {
        "question": "See Otherscape Core p.229",
        "subtag": false
      },
      "B": {
        "question": "See Otherscape Core p.229",
        "subtag": false
      },
      "C": {
        "question": "See Otherscape Core p.229",
        "subtag": false
      },
      "D": {
        "question": "See Otherscape Core p.229",
        "subtag": false
      }
    },
    "improvements": {
      "0": {
        "name": "Durable",
        "description": "See Otherscape Core p.229",
        "uses": null,
        "effect_class": ""
      },
      "1": {
        "name": "Finer Control",
        "description": "See Otherscape Core p.229",
        "uses": null,
        "effect_class": ""
      },
      "2": {
        "name": "Mythic Residue",
        "description": "See Otherscape Core p.229",
        "uses": null,
        "effect_class": ""
      },
      "3": {
        "name": "Seconary Sources",
        "description": "See Otherscape Core p.229",
        "uses": null,
        "effect_class": ""
      },
      "4": {
        "name": "Surge of Power",
        "description": "See Otherscape Core p.229",
        "uses": 1,
        "effect_class": ""
      }
    },
    "motivation": "ritual",
    "fade_type": "fade",
    "system_compatiblity": "otherscape",
    "locale_name": "#Otherscape.themebook.exposure.name"
  },
  "effects": [],
  "sort": 0,
  "ownership": {
    "default": 0,
    "XObjulrAnIfZ284S": 3
  },
  "flags": {},
  "_stats": {
    "systemId": "city-of-mist",
    "systemVersion": "2.7.1",
    "coreVersion": "13.345",
    "createdTime": 1711931947843,
    "modifiedTime": 1711932722021,
    "lastModifiedBy": "XObjulrAnIfZ284S",
    "compendiumSource": null,
    "duplicateSource": null,
    "exportSource": null
  },
  "_key": "!items!5CG8unkzHqU6xuQW"
}
