{
  "_id": "mST8BN0opZNnsiJw",
  "name": "Bastion",
  "type": "themebook",
  "img": "icons/svg/mystery-man.svg",
  "effects": [],
  "folder": "Jb28LMLEO4u2yWqj",
  "sort": 200000,
  "flags": {
    "core": {}
  },
  "system": {
    "description": "",
    "locked": false,
    "version": "2.4.5",
    "free_content": true,
    "locale_name": "#CityOfMist.themebook.bastion.name",
    "type": "Mythos",
    "power_questions": {
      "A": {
        "question": "#CityOfMist.themebook.bastion.name",
        "subtag": false
      },
      "B": {
        "question": "#CityOfMist.themebook.bastion.name",
        "subtag": false
      },
      "C": {
        "question": "#CityOfMist.themebook.bastion.name",
        "subtag": false
      },
      "D": {
        "question": "#CityOfMist.themebook.bastion.name",
        "subtag": false
      },
      "E": {
        "question": "#CityOfMist.themebook.bastion.name",
        "subtag": true
      },
      "F": {
        "question": "#CityOfMist.themebook.bastion.name",
        "subtag": true
      },
      "G": {
        "question": "#CityOfMist.themebook.bastion.name",
        "subtag": true
      },
      "H": {
        "question": "#CityOfMist.themebook.bastion.name",
        "subtag": false
      },
      "I": {
        "question": "#CityOfMist.themebook.bastion.name",
        "subtag": true
      },
      "J": {
        "question": "#CityOfMist.themebook.bastion.name",
        "subtag": false
      }
    },
    "weakness_questions": {
      "A": {
        "question": "#CityOfMist.themebook.bastion.name",
        "subtag": false
      },
      "B": {
        "question": "#CityOfMist.themebook.bastion.name",
        "subtag": false
      },
      "C": {
        "question": "#CityOfMist.themebook.bastion.name",
        "subtag": false
      },
      "D": {
        "question": "#CityOfMist.themebook.bastion.name",
        "subtag": false
      }
    },
    "improvements": {
      "0": {
        "name": "#CityOfMist.themebook.bastion.imp.0.name",
        "description": "#CityOfMist.themebook.bastion.name",
        "uses": null,
        "effect_class": ""
      },
      "1": {
        "name": "#CityOfMist.themebook.bastion.imp.1.name",
        "description": "#CityOfMist.themebook.bastion.name",
        "uses": null,
        "effect_class": ""
      },
      "2": {
        "name": "#CityOfMist.themebook.bastion.imp.2.name",
        "description": "#CityOfMist.themebook.bastion.name",
        "uses": null,
        "effect_class": ""
      },
      "3": {
        "name": "#CityOfMist.themebook.bastion.imp.3.name",
        "description": "#CityOfMist.themebook.bastion.name",
        "uses": null,
        "effect_class": ""
      },
      "4": {
        "name": "#CityOfMist.themebook.bastion.imp.4.name",
        "description": "#CityOfMist.themebook.bastion.name",
        "uses": null,
        "effect_class": ""
      }
    },
    "localeName": "#CityOfMist.themebook.bastion.name",
    "subtype": "Mythos",
    "system_compatiblity": "city-of-mist",
    "systemName": "Bastion"
  },
  "ownership": {
    "default": 0,
    "vLgbC4k0egBgZMMz": 3
  },
  "_stats": {
    "systemId": "city-of-mist",
    "systemVersion": "3.1.4",
    "coreVersion": "13.345",
    "createdTime": null,
    "modifiedTime": 1749513878285,
    "lastModifiedBy": "eZoEWX0q5xnrYPGQ",
    "compendiumSource": "Item.amaV4ctPsHDW4txq",
    "duplicateSource": null,
    "exportSource": null
  },
  "_key": "!items!mST8BN0opZNnsiJw"
}
