{
  "_id": "WUWnwsC9FYAGzgpH",
  "name": "Unit",
  "type": "themebook",
  "img": "icons/svg/item-bag.svg",
  "effects": [],
  "folder": "BXvixIBuJvx2z59I",
  "sort": -100000,
  "flags": {
    "core": {}
  },
  "system": {
    "description": "",
    "locked": false,
    "version": "2.4.5",
    "free_content": true,
    "locale_name": "#CityOfMist.themebook.unit.name",
    "type": "Mist",
    "power_questions": {
      "A": {
        "question": "#CityOfMist.themebook.unit.reference",
        "subtag": false
      },
      "B": {
        "question": "#CityOfMist.themebook.unit.reference",
        "subtag": false
      },
      "C": {
        "question": "#CityOfMist.themebook.unit.reference",
        "subtag": false
      },
      "D": {
        "question": "#CityOfMist.themebook.unit.reference",
        "subtag": false
      },
      "E": {
        "question": "#CityOfMist.themebook.unit.reference",
        "subtag": false
      },
      "F": {
        "question": "#CityOfMist.themebook.unit.reference",
        "subtag": false
      },
      "G": {
        "question": "#CityOfMist.themebook.unit.reference",
        "subtag": false
      },
      "H": {
        "question": "#CityOfMist.themebook.unit.reference",
        "subtag": false
      },
      "I": {
        "question": "#CityOfMist.themebook.unit.reference",
        "subtag": false
      },
      "J": {
        "question": "#CityOfMist.themebook.unit.reference",
        "subtag": false
      },
      "K": "_DELETED_",
      "L": "_DELETED_",
      "M": "_DELETED_"
    },
    "weakness_questions": {
      "A": {
        "question": "#CityOfMist.themebook.unit.reference",
        "subtag": false
      },
      "B": {
        "question": "#CityOfMist.themebook.unit.reference",
        "subtag": false
      },
      "C": {
        "question": "#CityOfMist.themebook.unit.reference",
        "subtag": false
      },
      "D": {
        "question": "#CityOfMist.themebook.unit.reference",
        "subtag": false
      }
    },
    "improvements": {
      "0": {
        "name": "#CityOfMist.themebook.unit.imp.0.name",
        "description": "#CityOfMist.themebook.unit.reference",
        "uses": null,
        "effect_class": ""
      },
      "1": {
        "name": "#CityOfMist.themebook.unit.imp.1.name",
        "description": "#CityOfMist.themebook.unit.reference",
        "uses": 1,
        "effect_class": ""
      },
      "2": {
        "name": "#CityOfMist.themebook.unit.imp.2.name",
        "description": "#CityOfMist.themebook.unit.reference",
        "uses": null,
        "effect_class": ""
      },
      "3": {
        "name": "#CityOfMist.themebook.unit.imp.3.name",
        "description": "#CityOfMist.themebook.unit.reference",
        "uses": null,
        "effect_class": ""
      },
      "4": {
        "name": "#CityOfMist.themebook.unit.imp.4.name",
        "description": "#CityOfMist.themebook.unit.reference",
        "uses": null,
        "effect_class": ""
      }
    },
    "subtype": "Mist",
    "motivation": "directive",
    "system_compatiblity": "city-of-mist",
    "systemName": "Unit"
  },
  "ownership": {
    "default": 0,
    "XObjulrAnIfZ284S": 3
  },
  "_stats": {
    "systemId": "city-of-mist",
    "systemVersion": "3.1.4",
    "coreVersion": "13.345",
    "createdTime": null,
    "modifiedTime": 1749514009054,
    "lastModifiedBy": "eZoEWX0q5xnrYPGQ",
    "compendiumSource": "Item.Cm2LHznnctGOim7B",
    "duplicateSource": null,
    "exportSource": null
  },
  "_key": "!items!WUWnwsC9FYAGzgpH"
}
