{
  "name": "Broad Tag+",
  "type": "improvement",
  "flags": {
    "core": {}
  },
  "img": "icons/svg/mystery-man.svg",
  "effects": [],
  "system": {
    "description": "SEE CITY OF MIST PLAYERS GUIDE P. 267-269",
    "locked": false,
    "version": "1",
    "free_content": true,
    "uses": {
      "current": 0,
      "max": 0,
      "expended": false
    },
    "theme_id": null,
    "effect_class": "",
    "chosen": false,
    "system_compatiblity": "city-of-mist"
  },
  "ownership": {
    "default": 0,
    "vLgbC4k0egBgZMMz": 3,
    "XObjulrAnIfZ284S": 3
  },
  "folder": "s47vGIGtyXE1QUAS",
  "_stats": {
    "systemId": "city-of-mist",
    "systemVersion": "2.7.1",
    "coreVersion": "13.345",
    "createdTime": 1712593924586,
    "modifiedTime": 1712593950472,
    "lastModifiedBy": "XObjulrAnIfZ284S",
    "compendiumSource": null,
    "duplicateSource": null,
    "exportSource": null
  },
  "_id": "TcMF0co8pLKxvKJS",
  "sort": 1200000,
  "_key": "!items!TcMF0co8pLKxvKJS"
}
