{
  "folder": "nw4yL57vLsI56WaN",
  "name": "Backpack",
  "type": "themebook",
  "_id": "kUq6h7ih0qmOVNTm",
  "img": "icons/svg/item-bag.svg",
  "system": {
    "description": "",
    "locked": false,
    "version": "1",
    "free_content": true,
    "subtype": "Backpack",
    "power_questions": {},
    "weakness_questions": {},
    "improvements": {},
    "motivation": "motivation",
    "fade_type": "fade",
    "system_compatiblity": "legend",
    "locale_name": "",
    "systemName": "backpack"
  },
  "effects": [],
  "sort": 100000,
  "ownership": {
    "default": 0,
    "XObjulrAnIfZ284S": 3
  },
  "flags": {},
  "_stats": {
    "systemId": "city-of-mist",
    "systemVersion": "3.1.4",
    "coreVersion": "13.345",
    "createdTime": 1711932473939,
    "modifiedTime": 1749513829388,
    "lastModifiedBy": "eZoEWX0q5xnrYPGQ",
    "compendiumSource": null,
    "duplicateSource": null,
    "exportSource": null
  },
  "_key": "!items!kUq6h7ih0qmOVNTm"
}
