{
  "folder": "aLSM3zT3tZKYMoXq",
  "name": "Dominion",
  "type": "themebook",
  "img": "icons/svg/item-bag.svg",
  "system": {
    "description": "",
    "locked": false,
    "version": "1",
    "free_content": true,
    "subtype": "Greatness",
    "power_questions": {
      "A": {
        "question": "",
        "subtag": false
      },
      "B": {
        "question": "",
        "subtag": false
      },
      "C": {
        "question": "",
        "subtag": false
      },
      "D": {
        "question": "",
        "subtag": false
      },
      "E": {
        "question": "",
        "subtag": false
      },
      "F": {
        "question": "",
        "subtag": false
      },
      "G": {
        "question": "",
        "subtag": false
      },
      "H": {
        "question": "",
        "subtag": false
      },
      "I": {
        "question": "",
        "subtag": false
      },
      "J": {
        "question": "",
        "subtag": false
      }
    },
    "weakness_questions": {
      "A": {
        "question": "",
        "subtag": false
      },
      "B": {
        "question": "",
        "subtag": false
      },
      "C": {
        "question": "",
        "subtag": false
      },
      "D": {
        "question": "",
        "subtag": false
      }
    },
    "improvements": {
      "0": {
        "name": "",
        "description": "",
        "uses": null,
        "effect_class": ""
      },
      "1": {
        "name": "",
        "description": "",
        "uses": null,
        "effect_class": ""
      },
      "2": {
        "name": "",
        "description": "",
        "uses": null,
        "effect_class": ""
      },
      "3": {
        "name": "",
        "description": "",
        "uses": null,
        "effect_class": ""
      },
      "4": {
        "name": "",
        "description": "",
        "uses": null,
        "effect_class": ""
      }
    },
    "motivation": "mystery",
    "fade_type": "default",
    "system_compatiblity": "legend",
    "locale_name": "",
    "systemName": "dominion"
  },
  "effects": [],
  "flags": {},
  "_stats": {
    "compendiumSource": null,
    "duplicateSource": null,
    "exportSource": null,
    "coreVersion": "13.345",
    "systemId": "city-of-mist",
    "systemVersion": "3.1.4",
    "createdTime": 1749364780311,
    "modifiedTime": 1749367431042,
    "lastModifiedBy": "eZoEWX0q5xnrYPGQ"
  },
  "ownership": {
    "default": 0,
    "eZoEWX0q5xnrYPGQ": 3
  },
  "_id": "YXDD6gQQSJnBusrh",
  "sort": 200000,
  "_key": "!items!YXDD6gQQSJnBusrh"
}
