{
  "_id": "KC4izKbFszg6PVRz",
  "name": "Crew Theme",
  "type": "themebook",
  "img": "icons/svg/mystery-man.svg",
  "effects": [],
  "folder": "KYLLQKGmHQGXNTgn",
  "sort": 1700000,
  "flags": {
    "core": {}
  },
  "system": {
    "description": "",
    "locked": false,
    "version": "2.4.5",
    "free_content": true,
    "locale_name": "#CityOfMist.themebook.crew.name",
    "type": "Crew",
    "power_questions": {
      "A": {
        "question": "#CityOfMist.themebook.crew.reference",
        "subtag": false
      },
      "B": {
        "question": "#CityOfMist.themebook.crew.reference",
        "subtag": false
      },
      "C": {
        "question": "#CityOfMist.themebook.crew.reference",
        "subtag": false
      },
      "D": {
        "question": "#CityOfMist.themebook.crew.reference",
        "subtag": false
      },
      "E": {
        "question": "#CityOfMist.themebook.crew.reference",
        "subtag": false
      },
      "F": {
        "question": "#CityOfMist.themebook.crew.reference",
        "subtag": false
      },
      "G": {
        "question": "#CityOfMist.themebook.crew.reference",
        "subtag": false
      },
      "H": {
        "question": "#CityOfMist.themebook.crew.reference",
        "subtag": false
      },
      "I": {
        "question": "#CityOfMist.themebook.crew.reference",
        "subtag": false
      },
      "J": {
        "question": "#CityOfMist.themebook.crew.reference",
        "subtag": false
      }
    },
    "weakness_questions": {
      "A": {
        "question": "#CityOfMist.themebook.crew.reference",
        "subtag": false
      },
      "B": {
        "question": "#CityOfMist.themebook.crew.reference",
        "subtag": false
      },
      "C": {
        "question": "#CityOfMist.themebook.crew.reference",
        "subtag": false
      },
      "D": {
        "question": "#CityOfMist.themebook.crew.reference",
        "subtag": false
      },
      "E": "_DELETED_"
    },
    "improvements": {
      "0": {
        "name": "#CityOfMist.themebook.crew.imp.0.name",
        "description": "#CityOfMist.themebook.crew.reference",
        "uses": 1,
        "effect_class": ""
      },
      "1": {
        "name": "#CityOfMist.themebook.crew.imp.1.name",
        "description": "#CityOfMist.themebook.crew.reference",
        "uses": null,
        "effect_class": ""
      },
      "2": {
        "name": "#CityOfMist.themebook.crew.imp.2.name",
        "description": "#CityOfMist.themebook.crew.reference",
        "uses": null,
        "effect_class": ""
      },
      "3": {
        "name": "#CityOfMist.themebook.crew.imp.3.name",
        "description": "#CityOfMist.themebook.crew.reference",
        "uses": null,
        "effect_class": ""
      },
      "4": {
        "name": "#CityOfMist.themebook.crew.imp.4.name",
        "description": "#CityOfMist.themebook.crew.reference",
        "uses": null,
        "effect_class": ""
      }
    },
    "subtype": "Crew",
    "motivation": "motivation",
    "system_compatiblity": "city-of-mist",
    "systemName": "CrewTheme"
  },
  "ownership": {
    "default": 0,
    "XObjulrAnIfZ284S": 3
  },
  "_stats": {
    "systemId": "city-of-mist",
    "systemVersion": "3.1.4",
    "coreVersion": "13.345",
    "createdTime": null,
    "modifiedTime": 1749364155101,
    "lastModifiedBy": "eZoEWX0q5xnrYPGQ",
    "compendiumSource": "Item.PhMMB4olbYtrLQkr",
    "duplicateSource": null,
    "exportSource": null
  },
  "_key": "!items!KC4izKbFszg6PVRz"
}
