{
  "folder": "NLghWvaDQZ2fFVwL",
  "name": "Mitigate Effects",
  "type": "move",
  "_id": "beJDuUpW01L9xLWY",
  "img": "icons/svg/item-bag.svg",
  "system": {
    "description": "",
    "locked": false,
    "version": "1",
    "free_content": true,
    "listConditionals": [],
    "subtype": "standard",
    "category": "Core",
    "system_compatiblity": "otherscape",
    "locale_name": "#Otherscape.moves.mitigate.name",
    "always": "",
    "onMiss": "#Otherscape.moves.mitigate.fail",
    "onPartial": "#Otherscape.moves.mitigate.partial",
    "onSuccess": "#Otherscape.moves.mitigate.success",
    "onDynamite": "",
    "effect_class": "",
    "abbreviation": "",
    "theme_class": "",
    "systemName": "mitigate"
  },
  "effects": [],
  "sort": 0,
  "ownership": {
    "default": 0,
    "XObjulrAnIfZ284S": 3
  },
  "flags": {},
  "_stats": {
    "systemId": "city-of-mist",
    "systemVersion": "3.1.4",
    "coreVersion": "13.345",
    "createdTime": 1711941612037,
    "modifiedTime": 1749516110754,
    "lastModifiedBy": "eZoEWX0q5xnrYPGQ",
    "compendiumSource": null,
    "duplicateSource": null,
    "exportSource": null
  },
  "_key": "!items!beJDuUpW01L9xLWY"
}
