{
  "name": "Start Downtime",
  "type": "script",
  "scope": "global",
  "author": "XObjulrAnIfZ284S",
  "img": "icons/svg/sleep.svg",
  "command": "CityHelpers.startDowntime();",
  "folder": null,
  "ownership": {
    "default": 0,
    "XObjulrAnIfZ284S": 3
  },
  "flags": {
    "core": {}
  },
  "_stats": {
    "systemId": "city-of-mist",
    "systemVersion": "2.6.9",
    "coreVersion": "12.331",
    "createdTime": 1693234833563,
    "modifiedTime": 1693234942580,
    "lastModifiedBy": "XObjulrAnIfZ284S",
    "compendiumSource": null,
    "duplicateSource": null
  },
  "_id": "YJGWDOJHW5VkZJnv",
  "sort": 100000,
  "_key": "!macros!YJGWDOJHW5VkZJnv"
}
