{
	"id": "city-of-mist",
	"title": "City of Mist / Mist Engine",
	"description": "Unofficial City of Mist RPG system as well as providing limited support for other Mist Engine games like Otherscape and Legend in the Mist",
	"authors": [
		{
			"name": "Taragnor",
			"discord": "Taragnor#3338",
			"flags": {}
		}
	],
	"url": "https://github.com/taragnor/city-of-mist/",
	"version": "4.0.4",
	"compatibility": {
		"minimum": "13",
		"verified": "13.350",
		"maximum": "13"
	},
	"esmodules": [
		"module/city.js"
  ],
  "styles": [
	  "styles/city.css",
	  "module/token-tooltip/tooltip.css",
	  "module/city-status-tracker/city-status-tracker.css",
	  "styles/com.css",
	  "styles/otherscape.css",
	  "styles/legend.css",
	  "styles/mist-engine.css"
  ],
  "languages": [
	  {
		  "lang": "en",
		  "name": "English",
		  "path": "lang/en.json",
		  "flags": {}
	  },
	  {
		  "lang": "de",
		  "name": "German",
		  "path": "lang/de.json",
		  "flags": {}
	  },
	  {
		  "lang": "pl",
		  "name": "Polish",
		  "path": "lang/pl.json",
		  "flags": {}
	  },
	  {
		  "lang": "pt-BR",
		  "name": "Português (Brasil)",
		  "path": "lang/pt-br.json",
		  "flags": {}
	  },
	  {
		  "lang": "fr",
		  "name": "French",
		  "path": "lang/fr.json",
		  "flags": {}
	  },
	  {
		  "lang": "it",
		  "name": "Italian",
		  "path": "lang/it.json",
		  "flags": {}
	  },
	  {
		  "lang": "es",
		  "name": "Español (placeholder)",
		  "path": "lang/es.json",
		  "flags": {}
	  }

  ],
  "packs": [
    {
      "name": "themebook",
      "label": "CoM Data",
      "system": "city-of-mist",
      "path": "packs/themebooks.db",
      "type": "Item",
      "private": false,
      "flags": {}
    },
    {
      "name": "sampleDangers",
      "label": "Sample Dangers",
      "system": "city-of-mist",
      "path": "packs/sampledangers.db",
      "type": "Actor",
      "private": false,
      "flags": {}
    },
    {
      "name": "macro",
      "label": "Macros",
      "system": "city-of-mist",
      "path": "packs/macro.db",
      "type": "Macro",
      "private": false,
      "flags": {}
    }
  ],
  "socket": true,
  "manifest": "https://raw.githubusercontent.com/taragnor/city-of-mist/main/system.json",
  "download": "https://github.com/taragnor/city-of-mist/releases/download/v.4.0.4/city-of-mist.zip"
}
